video_id,title,channel_title,trending_date,views,likes,comment_count,engagement_rate,channel_avg_views,channel_std_views,views_vs_channel_avg,view_zscore
KiBS-dbv_x0,Cardi B Showed Ellen How She Got Pregnant,TheEllenShow,18.23.04,10523399,282075,10352,2.68,1315244.0,1360001.0,8.0,6.77
2z3EUY1aXdY,Justin Timberlake’s FULL Pepsi Super Bowl LII Halftime Show! | NFL Highlights,NFL,18.08.02,11154250,150451,29640,1.35,1113650.0,1561073.0,10.02,6.43
CMA2iF6RuXk,Fergie's national anthem draws criticism | ESPN,ESPN,18.20.02,2762839,14362,21507,0.52,520464.0,383870.0,5.31,5.84
2z3EUY1aXdY,Justin Timberlake’s FULL Pepsi Super Bowl LII Halftime Show! | NFL Highlights,NFL,18.07.02,10226518,143105,28220,1.4,1113650.0,1561073.0,9.18,5.84
KiBS-dbv_x0,Cardi B Showed Ellen How She Got Pregnant,TheEllenShow,18.22.04,9225029,251744,9463,2.73,1315244.0,1360001.0,7.01,5.82
VlZ1SWLBfPE,The Truth About Where Hair Extensions Come From | Shady | Refinery29,Refinery29,18.14.06,2756607,139611,7439,5.06,164658.0,452879.0,16.74,5.72
7rOQv_6L9fQ,Why the triple axel is such a big deal,Vox,18.15.02,2494584,35785,2486,1.43,635409.0,328221.0,3.93,5.66
HrQNdClwMs4,DIY GIANT McDONALDS HASH BROWN 🍟 - VERSUS,HellthyJunkFood,18.17.05,2375055,29334,4080,1.24,484212.0,345221.0,4.9,5.48
_EvMYEfF_hQ,Stranger Things Cast Answer the Web's Most Searched Questions | WIRED,WIRED,17.28.11,13025011,436454,31464,3.35,1485265.0,2145851.0,8.77,5.38
O6BODAJVYc8,"2017, in 7 minutes",Vox,18.03.01,2398601,89696,20315,3.74,635409.0,328221.0,3.77,5.37
VlZ1SWLBfPE,The Truth About Where Hair Extensions Come From | Shady | Refinery29,Refinery29,18.13.06,2556225,133137,7094,5.21,164658.0,452879.0,15.52,5.28
KONe4SNFA64,Rihanna's Epic 10-Minute Guide to Going Out Makeup | Beauty Secrets | Vogue,Vogue,18.14.05,9233435,605954,26319,6.56,1406175.0,1491779.0,6.57,5.25
_EvMYEfF_hQ,Stranger Things Cast Answer the Web's Most Searched Questions | WIRED,WIRED,17.27.11,12667200,429398,31121,3.39,1485265.0,2145851.0,8.53,5.21
Gs26bZTRkdU,8 Survival Myths That Will Definitely Make Things Worse,SciShow,18.14.06,979732,29038,2584,2.96,281492.0,137414.0,3.48,5.08
Gs26bZTRkdU,8 Survival Myths That Will Definitely Make Things Worse,SciShow,18.13.06,974247,28898,2560,2.97,281492.0,137414.0,3.46,5.04
c8W-auqg024,"We Sent Garlic Bread to the Edge of Space, Then Ate It",Tom Scott,18.06.05,7349435,209009,28835,2.84,808414.0,1312569.0,9.09,4.98
f2MZnJlDJ4c,Kevin Hart Leads 2018 NBA All-Star Game Introductions | Team LeBron & Team Stephen,NBA,18.26.02,2684509,23689,2662,0.88,400025.0,460866.0,6.71,4.96
7bfS6seiLhk,The Kissing Booth | Official Trailer [HD] | Netflix,Netflix,18.14.05,7308023,144410,5790,1.98,962789.0,1284826.0,7.59,4.94
_EvMYEfF_hQ,Stranger Things Cast Answer the Web's Most Searched Questions | WIRED,WIRED,17.26.11,12087480,419216,31446,3.47,1485265.0,2145851.0,8.14,4.94
7iQn-toQp6A,Benjamin Glaze Auditions for American Idol With Nick Jonas' Levels - American Idol 2018 on ABC,American Idol,18.19.03,6535720,16788,5000,0.26,1551314.0,1010309.0,4.21,4.93
SbjnIK6VEjc,Yanny or Laurel: Which do you hear?,CBS This Morning,18.31.05,3225560,11933,8029,0.37,457149.0,562738.0,7.06,4.92
SbjnIK6VEjc,Yanny or Laurel: Which do you hear?,CBS This Morning,18.30.05,3220711,11917,8027,0.37,457149.0,562738.0,7.05,4.91
HrQNdClwMs4,DIY GIANT McDONALDS HASH BROWN 🍟 - VERSUS,HellthyJunkFood,18.16.05,2170502,27734,3928,1.28,484212.0,345221.0,4.48,4.88
f2MZnJlDJ4c,Kevin Hart Leads 2018 NBA All-Star Game Introductions | Team LeBron & Team Stephen,NBA,18.25.02,2645867,23474,2650,0.89,400025.0,460866.0,6.61,4.87
3BJU2drrtCM,How a TV Works in Slow Motion - The Slow Mo Guys,The Slow Mo Guys,18.25.01,11188382,481888,19790,4.31,2212597.0,1855636.0,5.06,4.84
6_-b3U9QDKg,Helping the Police Find a Gun Underwater to Solve a Criminal Case! (Metal Detecting Underwater),DALLMYD,18.14.05,4478472,83646,6091,1.87,1259167.0,671463.0,3.56,4.79
KiBS-dbv_x0,Cardi B Showed Ellen How She Got Pregnant,TheEllenShow,18.21.04,7804127,225931,8369,2.9,1315244.0,1360001.0,5.93,4.77
f2MZnJlDJ4c,Kevin Hart Leads 2018 NBA All-Star Game Introductions | Team LeBron & Team Stephen,NBA,18.24.02,2593991,23122,2587,0.89,400025.0,460866.0,6.48,4.76
OrnpSe4OChM,Mean Tweets – Avengers Edition,Jimmy Kimmel Live,18.03.05,8751813,215764,15989,2.47,1534509.0,1534300.0,5.7,4.7
2z3EUY1aXdY,Justin Timberlake’s FULL Pepsi Super Bowl LII Halftime Show! | NFL Highlights,NFL,18.06.02,8313413,123302,28398,1.48,1113650.0,1561073.0,7.47,4.61
f2MZnJlDJ4c,Kevin Hart Leads 2018 NBA All-Star Game Introductions | Team LeBron & Team Stephen,NBA,18.23.02,2517992,22560,2552,0.9,400025.0,460866.0,6.29,4.6
3BJU2drrtCM,How a TV Works in Slow Motion - The Slow Mo Guys,The Slow Mo Guys,18.24.01,10727660,468294,19391,4.37,2212597.0,1855636.0,4.85,4.59
_EvMYEfF_hQ,Stranger Things Cast Answer the Web's Most Searched Questions | WIRED,WIRED,17.25.11,11307303,405859,30726,3.59,1485265.0,2145851.0,7.61,4.58
7iQn-toQp6A,Benjamin Glaze Auditions for American Idol With Nick Jonas' Levels - American Idol 2018 on ABC,American Idol,18.18.03,6151213,15607,4350,0.25,1551314.0,1010309.0,3.97,4.55
0XuOkYlUWIs,13 Reasons Why: Season 2 | Official Trailer [HD] | Netflix,Netflix,18.15.05,6760593,229250,22123,3.39,962789.0,1284826.0,7.02,4.51
O6BODAJVYc8,"2017, in 7 minutes",Vox,18.02.01,2113854,83213,22375,3.94,635409.0,328221.0,3.33,4.5
1C9STKF0Lv4,Cristiano Ronaldo's ridiculous bicycle kick vs. Juventus in UEFA Champions League | ESPN FC,ESPN,18.06.04,2248120,31981,1980,1.42,520464.0,383870.0,4.32,4.5
rFAddL8g8mw,I Went To Japan To Make The Most Difficult Omelet,Tasty,18.07.06,5065000,181845,10202,3.59,1309833.0,854814.0,3.87,4.39
fEqzx-36pOo,Camila Cabello - Havana ft. Miranda Sings (Tana Mongeau Parody),Miranda Sings,17.14.12,1881309,95216,7689,5.06,410944.0,340321.0,4.58,4.32
jPEYpryMp2s,Solo: A Star Wars Story Official Trailer,Star Wars,18.16.04,10271274,183101,34633,1.78,1088704.0,2128056.0,9.43,4.32
f2MZnJlDJ4c,Kevin Hart Leads 2018 NBA All-Star Game Introductions | Team LeBron & Team Stephen,NBA,18.22.02,2380343,21651,2501,0.91,400025.0,460866.0,5.95,4.3
VlZ1SWLBfPE,The Truth About Where Hair Extensions Come From | Shady | Refinery29,Refinery29,18.12.06,2108182,115922,6072,5.5,164658.0,452879.0,12.8,4.29
HrQNdClwMs4,DIY GIANT McDONALDS HASH BROWN 🍟 - VERSUS,HellthyJunkFood,18.15.05,1957964,25829,3698,1.32,484212.0,345221.0,4.04,4.27
HrQNdClwMs4,DIY GIANT McDONALDS HASH BROWN 🍟 - VERSUS,HellthyJunkFood,18.15.05,1957964,25829,3698,1.32,484212.0,345221.0,4.04,4.27
c8W-auqg024,"We Sent Garlic Bread to the Edge of Space, Then Ate It",Tom Scott,18.05.05,6354355,189390,26776,2.98,808414.0,1312569.0,7.86,4.23
_rB36UGoP4Y,Cobra Kai Ep 1 - “Ace Degenerate” - The Karate Kid Saga Continues,Cobra Kai,18.04.05,7627332,73086,11318,0.96,1561810.0,1449733.0,4.88,4.18
jPEYpryMp2s,Solo: A Star Wars Story Official Trailer,Star Wars,18.15.04,9971343,181127,34085,1.82,1088704.0,2128056.0,9.16,4.17
_QWZvU7VCn8,Brad Pitt Bid $120k For A Night With Emilia Clarke!  | The Graham Norton Show,The Graham Norton Show,18.14.06,5564576,46351,2861,0.83,1440898.0,988449.0,3.86,4.17
L3ymBk6Vb04,Avengers: Infinity War Cast Sings The Marvel Bunch,The Tonight Show Starring Jimmy Fallon,18.02.05,8408515,331934,12519,3.95,1377799.0,1685232.0,6.1,4.17
0XuOkYlUWIs,13 Reasons Why: Season 2 | Official Trailer [HD] | Netflix,Netflix,18.13.05,6295801,221316,21259,3.52,962789.0,1284826.0,6.54,4.15